[{"model":"Mirage","maker":"Mitsubishi","yearmade":1989,"photo": "car1.jpeg"},
{"model":"XJ Series","maker":"Jaguar","yearmade":1993,"photo": "car2.jpeg"},
{"model":"Legend","maker":"Acura","yearmade":1993,"photo": "car3.jpeg"},
{"model":"Sunfire","maker":"Pontiac","year":2002,"photo": "car4.jpeg"},
{"model":"Town & Country","maker":"Chrysler","year":1998,"photo": "car5.jpeg"},
{"model":"F-Series Super Duty","maker":"Ford","year":2009,"photo": "car6.jpeg"},
{"model":"911","maker":"Porsche","year":2006,"photo": "car6.jpeg"},
{"model":"Century","maker":"Buick","year":1984,"photo": "car7.jpeg"},
{"model":"Thunderbird","maker":"Ford","year":1992,"photo": "car8.jpeg"},
{"model":"M3","maker":"BMW","year":2010,"photo": "car9.jpeg"}]