[{"name":"Dee Leng","email":"dleng0@cocolog-nifty.com","job":"developer","gender":"Female","city":"London","salary":9662,"birthdate":"2007-09-30"},
  {"name":"Sibylla Djurevic","email":"sdjurevic1@google.com.br","job":"solider","gender":"Male","city":"Bangkok","salary":389,"birthdate":"1956-10-10"},
  {"name":"Rudiger McAughtrie","email":"rmcaughtrie2@vimeo.com","job":"dentist","gender":"Female","city":"Saigon","salary":4736,"birthdate":"1947-09-16"},
  {"name":"Tim MacElharge","email":"tmacelharge3@issuu.com","job":"banker","gender":"Male","city":"Moscow","salary":12006,"birthdate":"2006-02-22"},
  {"name":"Leonora Stroyan","email":"lstroyan4@yahoo.com","job":"developer","gender":"Male","city":"Bejing","salary":10494,"birthdate":"1971-05-22"},
  {"name":"Gaston McAlinden","email":"gmcalinden5@google.cn","job":"developer","gender":"Female","city":"Paris","salary":4025,"birthdate":"1953-06-17"},
  {"name":"Herbie Balharry","email":"hbalharry6@hubpages.com","job":"secretary","gender":"Female","city":"Cairo","salary":6305,"birthdate":"2016-07-31"},
  {"name":"Graham Withrop","email":"gwithrop7@jalbum.net","job":"barista","gender":"Female","city":"Sandiego","salary":5914,"birthdate":"1997-07-10"},
  {"name":"Jess Evers","email":"jevers8@zdnet.com","job":"cleaner","gender":"Female","city":"Paris","salary":14066,"birthdate":"1956-08-15"},
  {"name":"Marty Priestman","email":"mpriestman9@senate.gov","job":"driver","gender":"Female","city":"Jerusalem","salary":14433,"birthdate":"1991-01-05"},
  {"name":"Barde Choak","email":"bchoaka@ocn.ne.jp","job":"banker","gender":"Male","city":"Moscow","salary":3861,"birthdate":"2004-03-16"},
  {"name":"Isadora Vasyatkin","email":"ivasyatkinb@yellowbook.com","job":"engineer","gender":"Male","city":"Jerusalem","salary":4711,"birthdate":"2003-07-19"},
  {"name":"Shaylah Casetta","email":"scasettac@businesswire.com","job":"nurse","gender":"Female","city":"Hanoi","salary":6479,"birthdate":"1966-05-11"},
  {"name":"Nigel Drinkel","email":"ndrinkeld@t-online.de","job":"footballer","gender":"Female","city":"Sandiego","salary":5582,"birthdate":"2004-07-01"},
  {"name":"Dulcinea Bellenie","email":"dbelleniee@census.gov","job":"secretary","gender":"Female","city":"Amsterdam","salary":4609,"birthdate":"2009-05-29"},
  {"name":"Alisha Newick","email":"anewickf@plala.or.jp","job":"singer","gender":"Male","city":"Hanoi","salary":696,"birthdate":"1941-03-08"},
  {"name":"Dewey Steels","email":"dsteelsg@cnet.com","job":"driver","gender":"Female","city":"London","salary":3261,"birthdate":"1990-09-24"},
  {"name":"Corrie Willatts","email":"cwillattsh@whitehouse.gov","job":"painter","gender":"Male","city":"Saigon","salary":4075,"birthdate":"1971-01-25"},
  {"name":"Fawn Dominique","email":"fdominiquei@alexa.com","job":"painter","gender":"Male","city":"Tokyo","salary":14205,"birthdate":"2018-10-10"},
  {"name":"Aluin Fulham","email":"afulhamj@ocn.ne.jp","job":"secretary","gender":"Female","city":"Nairobi","salary":13251,"birthdate":"1961-02-24"}
]